id,title,intro,poster,pubdate,url,rating,genres,star,comment,tags,star_time,card
6390823,美国队长2,,https://dou.img.lithub.cc/movie/6390823.jpg,2014-04-04(中国大陆),https://movie.douban.com/subject/6390823/,8.1,"动作,科幻,惊悚",4,,,2026-01-25 17:16:01,2014 / 美国 / 动作 科幻 惊悚 冒险 / 安东尼·罗素 乔·罗素 / 克里斯·埃文斯 斯嘉丽·约翰逊
34874432,花束般的恋爱,,https://dou.img.lithub.cc/movie/34874432.jpg,2022-02-22(中国大陆),https://movie.douban.com/subject/34874432/,8.6,"剧情,爱情",4,,,2026-01-23 07:56:45,2021 / 日本 / 剧情 爱情 / 土井裕泰 / 菅田将晖 有村架纯
3279107,大兵小将,,https://dou.img.lithub.cc/movie/3279107.jpg,2010-02-14(中国大陆),https://movie.douban.com/subject/3279107/,6.9,"喜剧,动作,冒险",4,,,2026-01-01 18:01:40,2010 / 中国大陆 中国香港 / 喜剧 动作 冒险 / 丁晟 / 成龙 王力宏
1939414,功夫之王,,https://dou.img.lithub.cc/movie/1939414.jpg,2008-04-24(中国大陆),https://movie.douban.com/subject/1939414/,5.8,"动作,奇幻,冒险",4,,,2026-01-01 18:01:30,2008 / 美国 中国大陆 / 动作 奇幻 冒险 武侠 古装 / 罗伯·明可夫 / 迈克尔·安格拉诺 成龙
1307023,神话,,https://dou.img.lithub.cc/movie/1307023.jpg,2005-09-23(中国大陆),https://movie.douban.com/subject/1307023/,7,"剧情,喜剧,动作",4,,,2026-01-01 18:01:17,2005 / 中国大陆 中国香港 / 剧情 喜剧 动作 奇幻 冒险 / 唐季礼 / 成龙 金喜善
36467821,蜗牛回忆录,,https://dou.img.lithub.cc/movie/36467821.jpg,2025-09-05(中国大陆),https://movie.douban.com/subject/36467821/,8.4,"剧情,动画",4,蜗牛虽然缓慢迟钝，但爬过的地方都亮晶晶。,"剧情,动作",2026-01-01 10:30:17,2024 / 澳大利亚 / 剧情 动画 / 亚当·艾略特 / 莎拉·斯努克 柯蒂·斯密特-麦菲
36689857,荒野机器人,,https://dou.img.lithub.cc/movie/36689857.jpg,2024-09-20(中国大陆),https://movie.douban.com/subject/36689857/,8.1,"科幻,动画,冒险",4,,,2025-12-17 18:28:11,2024 / 美国 / 科幻 动画 冒险 / 克里斯·桑德斯 / 露皮塔·尼永奥 佩德罗·帕斯卡
36394612,你好，爱美丽,,https://dou.img.lithub.cc/movie/36394612.jpg,2025-05-20(戛纳电影节),https://movie.douban.com/subject/36394612/,8,"动画,家庭",4,,,2025-12-14 12:12:45,2025 / 法国 比利时 / 动画 家庭 / 迈利斯·瓦拉德 韩进光 / 洛伊斯·夏庞蒂埃 维多利亚·格罗布瓦
36650558,常见副作用 第一季,,https://dou.img.lithub.cc/movie/36650558.jpg,2025-02-02(美国),https://movie.douban.com/subject/36650558/,8.6,"剧情,喜剧,动画",3,不太喜欢，以为是科幻片，没想到是政治社会类的故事,,2025-12-07 21:53:28,2025 / 美国 / 剧情 喜剧 动画 惊悚 / 班贾·布鲁克 卡米莉·波泽克 肖恩·巴克卢 文森特·徐 约瑟夫·本奈特 / 大卫·金 艾米丽·彭德加斯特
26817136,疯狂动物城2,,https://dou.img.lithub.cc/movie/26817136.jpg,2025-11-26(美国/中国大陆),https://movie.douban.com/subject/26817136/,8.5,"喜剧,动画,悬疑",4,,,2025-12-07 21:52:11,2025 / 美国 / 喜剧 动画 悬疑 犯罪 冒险 / 杰拉德·布什 拜伦·霍华德 / 金妮弗·古德温 杰森·贝特曼
36195543,阿诺拉,,https://dou.img.lithub.cc/movie/36195543.jpg,2024-05-21(戛纳电影节),https://movie.douban.com/subject/36195543/,6.3,"剧情,喜剧,爱情",3,,,2025-12-06 11:47:10,2024 / 美国 / 剧情 喜剧 爱情 / 肖恩·贝克 / 麦琪·麦迪森 马克·埃德尔斯坦
36600459,捕风追影,,https://dou.img.lithub.cc/movie/36600459.jpg,2025-08-16(中国大陆),https://movie.douban.com/subject/36600459/,8.1,"剧情,动作,犯罪",4,,,2025-12-06 11:46:17,2025 / 中国大陆 中国香港 / 剧情 动作 犯罪 / 杨子 / 成龙 张子枫
35689244,F1：狂飙飞车,,https://dou.img.lithub.cc/movie/35689244.jpg,2025-06-27(美国/中国大陆),https://movie.douban.com/subject/35689244/,8.7,"剧情,动作,运动",4,,,2025-11-23 21:01:04,2025 / 美国 / 剧情 动作 运动 / 约瑟夫·科辛斯基 / 布拉德·皮特 戴姆森·伊德瑞斯
36448279,罗小黑战记2,,https://dou.img.lithub.cc/movie/36448279.jpg,2025-07-18(中国大陆),https://movie.douban.com/subject/36448279/,8.7,"动画,奇幻,冒险",5,连看两部！,,2025-10-26 14:55:16,2025 / 中国大陆 / 动画 奇幻 冒险 / 木头 顾杰 / 山新 刘明月
26709258,罗小黑战记,,https://dou.img.lithub.cc/movie/26709258.jpg,2019-09-07(中国大陆),https://movie.douban.com/subject/26709258/,8,"动作,动画,奇幻",5,好看，没有歇斯底里的情绪渲染，正反派都很理智，小黑很萌,,2025-10-26 14:54:41,2019 / 中国大陆 / 动作 动画 奇幻 / 木头 / 山新 郝祥海
36207392,浪浪人生,,https://dou.img.lithub.cc/movie/36207392.jpg,2025-09-30(中国大陆),https://movie.douban.com/subject/36207392/,6.4,"剧情,喜剧,家庭",1,稀烂的剧情，廉价的人物情绪，每隔三分钟起来的背景音乐，烂的想网暴导演。,,2025-10-06 17:59:06,2025 / 中国大陆 / 剧情 喜剧 家庭 / 马林 / 黄渤 范丞丞
30135113,骡子,,https://dou.img.lithub.cc/movie/30135113.jpg,2019-08-26(中国大陆),https://movie.douban.com/subject/30135113/,7.9,"剧情,犯罪",4,,,2025-08-31 20:54:32,2018 / 美国 / 剧情 犯罪 / 克林特·伊斯特伍德 / 克林特·伊斯特伍德 布莱德利·库珀
36438475,浪浪山小妖怪,,https://dou.img.lithub.cc/movie/36438475.jpg,2025-08-02(中国大陆),https://movie.douban.com/subject/36438475/,8.6,"剧情,喜剧,动画",5,好看,,2025-08-10 19:30:30,2025 / 中国大陆 / 剧情 喜剧 动画 奇幻 / 於水 / 陈子平 路扬
37067150,关于约会的一切,,https://dou.img.lithub.cc/movie/37067150.jpg,2025-02-20(意大利),https://movie.douban.com/subject/37067150/,7.9,"喜剧,爱情",4,,,2025-07-27 15:17:24,2025 / 意大利 / 喜剧 爱情 / 保罗·杰诺维塞 / 爱德华多·莱奥 皮拉尔·福格莉亚蒂
35364691,诡才之道,,https://dou.img.lithub.cc/movie/35364691.jpg,2025-02-22(中国大陆),https://movie.douban.com/subject/35364691/,7.6,"喜剧,恐怖",4,还挺好看的,,2025-06-22 20:59:34,2024 / 中国台湾 / 喜剧 恐怖 / 徐汉强 / 陈柏霖 张榕容
35927475,雷霆特攻队*,,https://dou.img.lithub.cc/movie/35927475.jpg,2025-04-30(中国大陆),https://movie.douban.com/subject/35927475/,6.8,"剧情,动作,科幻",2,没被治愈到，所以不喜欢,,2025-06-03 12:47:18,2025 / 美国 / 剧情 动作 科幻 犯罪 奇幻 冒险 / 杰克·施莱尔 / 弗洛伦丝·皮尤 塞巴斯蒂安·斯坦
30345743,星际宝贝史迪奇,,https://dou.img.lithub.cc/movie/30345743.jpg,2025-05-23(中国大陆),https://movie.douban.com/subject/30345743/,7.2,"喜剧,动作,科幻",4,三星半，因为童年回忆多加半星。,,2025-06-03 12:43:13,2025 / 美国 / 喜剧 动作 科幻 奇幻 冒险 / 迪恩·弗雷斯彻-坎普 / 玛雅·凯洛哈 克里斯·桑德斯
26415434,雷普利,,https://dou.img.lithub.cc/movie/26415434.jpg,2024-04-04(美国),https://movie.douban.com/subject/26415434/,8.7,"剧情,惊悚,犯罪",5,过去那么久，看剧版的还是和看影版的一样，多次因为代入男主的处境尴尬症直犯，得停下缓一阵才能继续看。罗马真美。,,2025-05-04 11:30:22,2024 / 美国 / 剧情 惊悚 犯罪 / 斯蒂文·泽里安 / 安德鲁·斯科特 达科塔·范宁
36544596,恶缘,,https://dou.img.lithub.cc/movie/36544596.jpg,2025-04-04(韩国),https://movie.douban.com/subject/36544596/,8.3,"剧情,惊悚,犯罪",5,,,2025-04-15 12:44:54,2025 / 韩国 / 剧情 惊悚 犯罪 / 李日炯 / 朴海秀 申敏儿
36712987,破·地狱,,https://dou.img.lithub.cc/movie/36712987.jpg,2024-12-14(中国大陆),https://movie.douban.com/subject/36712987/,8.4,"剧情,家庭",4,还行。主要是演员演得好，主题其实也都是老生常谈那些,,2025-04-06 20:37:34,2024 / 中国香港 / 剧情 家庭 / 陈茂贤 / 黄子华 许冠文
36416346,流氓读书会,,https://dou.img.lithub.cc/movie/36416346.jpg,2025-01-23(韩国),https://movie.douban.com/subject/36416346/,8.4,"剧情,喜剧,动作",3,三点五吧，后半段有点热血疲劳了～,,2025-03-08 19:55:24,2025 / 韩国 / 剧情 喜剧 动作 / 李章焄 刘范尚 / 黄旼炫 韩智恩
35206186,诡扯,,https://dou.img.lithub.cc/movie/35206186.jpg,2021-11-12(中国台湾),https://movie.douban.com/subject/35206186/,6.8,"喜剧,恐怖",4,感觉评分值得再高一点！,"悬疑,港台,剧情,喜剧",2025-03-02 12:12:53,2021 / 中国台湾 / 喜剧 恐怖 / 许富翔 / 陈柏霖 陈以文
35861791,初步举证,,https://dou.img.lithub.cc/movie/35861791.jpg,2025-02-28(中国大陆),https://movie.douban.com/subject/35861791/,9.6,剧情,4,很有力量和发人深省,,2025-02-16 16:53:11,2022 / 英国 / 剧情 / 贾斯汀·马丁 / 朱迪·科默
35679802,胶囊计划,,https://dou.img.lithub.cc/movie/35679802.jpg,2022-09-16(中国大陆),https://movie.douban.com/subject/35679802/,8.3,"爱情,动画,悬疑",4,挺好看的，有些剧情不强，不过几分钟的内容能有这样的表现力很不错,,2025-02-16 15:11:43,2022 / 中国大陆 / 爱情 动画 悬疑 短片 奇幻 / 朱老ber 蔡源青 黄雪卉 朱晓鹏 肖君逸 刘宇辰 王柯 杨成桦 孔佑阳 罗鸣洋 邹世林 邢祎 梁卓宏 张勃 冯国伦 张上
35700910,鲭鱼罐头,,https://dou.img.lithub.cc/movie/35700910.jpg,2022-08-19(日本),https://movie.douban.com/subject/35700910/,8.5,剧情,4,,,2025-02-09 22:53:23,2022 / 日本 / 剧情 / 金泽知树 / 番家一路 原田琥之佑
35426925,机器人之梦,,https://dou.img.lithub.cc/movie/35426925.jpg,2024-06-08(中国大陆),https://movie.douban.com/subject/35426925/,9,"剧情,动画,音乐",5,小狗和机器人都好好，好到结局有点 sad～,,2025-02-09 21:54:48,2023 / 西班牙 法国 / 剧情 动画 音乐 / 巴勃罗·贝格尔 / 伊万·拉班达 阿尔伯特·特里佛·塞加拉
34780991,哪吒之魔童闹海,,https://dou.img.lithub.cc/movie/34780991.jpg,2025-01-29(中国大陆),https://movie.douban.com/subject/34780991/,8.5,"剧情,喜剧,动画",4,,,2025-02-04 17:17:32,2025 / 中国大陆 / 剧情 喜剧 动画 奇幻 / 饺子 / 吕艳婷 囧森瑟夫
36171155,胆大党,,https://dou.img.lithub.cc/movie/36171155.jpg,2024-10-04(日本),https://movie.douban.com/subject/36171155/,7.9,"剧情,动作,动画",5,好看！,"超能力,动作,爱情,温情",2025-01-24 20:04:31,2024 / 日本 / 剧情 动作 动画 奇幻 / 山代风我 / 花江夏树 若山诗音
36445098,还有明天,,https://dou.img.lithub.cc/movie/36445098.jpg,2025(中国大陆),https://movie.douban.com/subject/36445098/,9.1,剧情,5,结尾出乎意料，以为的逃离是登船，结果是另外一种形式的逃离。,,2025-01-19 12:02:13,2023 / 意大利 / 剧情 / 宝拉·柯特莱西 / 宝拉·柯特莱西 瓦莱里奥·马斯坦德雷亚
36593404,入侵者们的晚餐,,https://dou.img.lithub.cc/movie/36593404.jpg,2024-01-03(日本),https://movie.douban.com/subject/36593404/,7.6,"剧情,喜剧,悬疑",4,,"剧情,喜剧",2025-01-18 20:33:38,2024 / 日本 / 剧情 喜剧 悬疑 / 水野格 / 菊地凛子 平岩纸
36765646,蓦然回首,,https://dou.img.lithub.cc/movie/36765646.jpg,2024-10-26(中国大陆),https://movie.douban.com/subject/36765646/,8.2,"剧情,动画",4,好看，好几处挺动人的。,,2024-11-23 09:26:41,2024 / 日本 / 剧情 动画 / 押山清高 / 河合优实 吉田美月喜
36154853,好东西,,https://dou.img.lithub.cc/movie/36154853.jpg,2024-11-22(中国大陆),https://movie.douban.com/subject/36154853/,0,"剧情,爱情",4,好，但没有上部好。很多点有刻意的消解，但还是离生活有点距离，而且用小孩推进剧情的地方太多了，感觉太满和太刻意了。,,2024-11-17 21:43:37,2024 / 中国大陆 / 剧情 爱情 / 邵艺辉 / 宋佳 钟楚曦
35603727,猫猫的奇幻漂流,,https://dou.img.lithub.cc/movie/35603727.jpg,2024-05-22(戛纳电影节),https://movie.douban.com/subject/35603727/,8.4,"动画,奇幻,冒险",5,出于爱咪咪的私心打五星,,2024-11-01 09:21:09,2024 / 拉脱维亚 法国 比利时 / 动画 奇幻 冒险 / 金兹·兹巴洛迪斯
35087675,毒液：最后一舞,,https://dou.img.lithub.cc/movie/35087675.jpg,2024-10-23(中国大陆),https://movie.douban.com/subject/35087675/,0,"动作,科幻,惊悚",2,有种中年危机导演拍的感觉，主打一个尿急尿频尿不尽,,2024-10-25 22:42:54,2024 / 美国 / 动作 科幻 惊悚 冒险 / 凯莉·马塞尔 / 汤姆·哈迪 切瓦特·埃加福
36328210,姥姥的外孙,,https://dou.img.lithub.cc/movie/36328210.jpg,2024-08-23(中国大陆),https://movie.douban.com/subject/36328210/,8.9,剧情,5,,,2024-10-20 14:03:34,2024 / 泰国 / 剧情 / 帕特·波尼蒂帕特 / 普提蓬·阿萨拉塔纳功 乌萨·萨梅坎姆
35868338,泰迪熊 第一季,,https://dou.img.lithub.cc/movie/35868338.jpg,2024-01-11(美国),https://movie.douban.com/subject/35868338/,8.4,喜剧,4,好看！而且忽然发现原来导演是奥维尔号舰长震惊,,2024-09-30 14:31:38,2024 / 美国 / 喜剧 / 塞思·麦克法兰 / 塞思·麦克法兰 马克斯·博克霍德
36035676,长安三万里,,https://dou.img.lithub.cc/movie/36035676.jpg,2023-07-08(中国大陆),https://movie.douban.com/subject/36035676/,8.3,"动画,历史",4,看到后面李白大腹便便出场的样子，不由一阵唏嘘，岁月是把杀猪刀。但看到念诗，高堂明镜悲白发，朝如青丝暮成雪。又觉得岁月不过如此。,,2024-09-22 13:01:47,2023 / 中国大陆 / 动画 历史 / 谢君伟 邹靖 / 杨天翔 凌振赫
25855071,初恋这首情歌,,https://dou.img.lithub.cc/movie/25855071.jpg,2020-08-07(中国大陆),https://movie.douban.com/subject/25855071/,8.2,"剧情,爱情,音乐",4,,,2024-09-01 18:31:44,2016 / 爱尔兰 英国 美国 / 剧情 爱情 音乐 / 约翰·卡尼 / 福迪亚·瓦尔什-匹罗 露西·宝通
35736202,狗神,,https://dou.img.lithub.cc/movie/35736202.jpg,2023-12-15(中国大陆),https://movie.douban.com/subject/35736202/,8.1,剧情,3,,,2024-09-01 15:38:22,2023 / 法国 美国 / 剧情 / 吕克·贝松 / 卡莱伯·兰德里·琼斯 克里斯托弗·邓汉
35359717,首,,https://dou.img.lithub.cc/movie/35359717.jpg,2023-05-23(戛纳电影节),https://movie.douban.com/subject/35359717/,7,"剧情,喜剧,动作",4,三星半吧，像走马观花看完一部奇情小说，能看进去，但看完不知所然。,,2024-09-01 08:14:03,2023 / 日本 / 剧情 喜剧 动作 历史 古装 / 北野武 / 北野武 西岛秀俊
36934908,因果报应,,https://dou.img.lithub.cc/movie/36934908.jpg,2024-06-14(印度),https://movie.douban.com/subject/36934908/,8.5,"剧情,动作,惊悚",4,,,2024-08-30 22:48:27,2024 / 印度 / 剧情 动作 惊悚 犯罪 / 尼蒂兰·萨米纳坦 / 维杰·西图帕提 阿努拉格·卡施亚普
26745332,花月杀手,,https://dou.img.lithub.cc/movie/26745332.jpg,2023-05-20(戛纳国际电影节),https://movie.douban.com/subject/26745332/,7.2,"剧情,爱情,悬疑",3,冗长...,,2024-08-15 12:38:58,2023 / 美国 / 剧情 爱情 悬疑 历史 犯罪 西部 / 马丁·斯科塞斯 / 莱昂纳多·迪卡普里奥 罗伯特·德尼罗
35545737,无敌少侠 第二季,,https://dou.img.lithub.cc/movie/35545737.jpg,2023-11-03(美国),https://movie.douban.com/subject/35545737/,8.5,"剧情,动作,科幻",4,好看呢！有几处男主真的很愚蠢…,,2024-08-10 14:44:28,2023 / 美国 / 剧情 动作 科幻 动画 惊悚 奇幻 冒险 / 罗伯特·柯克曼 / 史蒂文·元 吴珊卓
26656728,泳者之心,,https://dou.img.lithub.cc/movie/26656728.jpg,2024-05-31(美国/中国大陆),https://movie.douban.com/subject/26656728/,9.1,"剧情,传记,运动",4,,,2024-08-02 20:33:32,2024 / 美国 / 剧情 传记 运动 / 乔阿吉姆·罗恩尼 / 黛西·雷德利 蒂尔达·格哈姆-哈维
26816104,从21世纪安全撤离,,https://dou.img.lithub.cc/movie/26816104.jpg,2024-08-02(中国大陆),https://movie.douban.com/subject/26816104/,0,"喜剧,科幻",5,好看！！！,"动作,成长,剧情",2024-07-28 20:58:00,2024 / 中国大陆 / 喜剧 科幻 / 李阳 / 张若昀 钟楚曦
26957900,死侍与金刚狼,,https://dou.img.lithub.cc/movie/26957900.jpg,2024-07-26(中国大陆),https://movie.douban.com/subject/26957900/,0,"喜剧,动作,科幻",5,看到九十九岁！,"DC,剧情",2024-07-27 19:04:38,2024 / 美国 / 喜剧 动作 科幻 / 肖恩·利维 / 瑞安·雷诺兹 休·杰克曼
35749842,朱同在三年级丢失了超能力,,https://dou.img.lithub.cc/movie/35749842.jpg,2024-05-25(中国大陆),https://movie.douban.com/subject/35749842/,8,"喜剧,奇幻",4,挺好的，才发现导演是之前那个寻汉记里的老实人。。。,,2024-07-21 12:31:15,2023 / 中国大陆 / 喜剧 奇幻 / 王子川 / 岳昊 马千壹
35494829,红毯先生,,https://dou.img.lithub.cc/movie/35494829.jpg,2024-02-10(中国大陆点映),https://movie.douban.com/subject/35494829/,6.6,"剧情,喜剧",3,不太喜欢。,,2024-07-21 10:19:24,2023 / 中国大陆 中国香港 / 剧情 喜剧 / 宁浩 / 刘德华 单立文
1299288,胭脂扣,,https://dou.img.lithub.cc/movie/1299288.jpg,1987-12-05(中国台湾),https://movie.douban.com/subject/1299288/,8.5,"剧情,爱情,奇幻",3,,,2024-07-14 19:57:43,1987 / 中国香港 / 剧情 爱情 奇幻 / 关锦鹏 / 梅艳芳 张国荣
35863319,去唱卡拉OK吧！,,https://dou.img.lithub.cc/movie/35863319.jpg,2023-11-15(台北金马影展),https://movie.douban.com/subject/35863319/,8.3,剧情,4,,,2024-07-13 18:23:08,2023 / 日本 / 剧情 / 山下敦弘 / 绫野刚 斋藤润
35956190,走走停停,,https://dou.img.lithub.cc/movie/35956190.jpg,2024-06-08(中国大陆),https://movie.douban.com/subject/35956190/,8,"剧情,喜剧,家庭",4,诚恳，真实。很难得在电影里看到胡歌那么自然。,,2024-07-13 10:32:30,2024 / 中国大陆 / 剧情 喜剧 家庭 / 龙飞 / 胡歌 高圆圆
35371629,维和防暴队,,https://dou.img.lithub.cc/movie/35371629.jpg,2024-05-01(中国大陆),https://movie.douban.com/subject/35371629/,5.3,"剧情,动作",3,,,2024-06-28 11:18:15,2024 / 中国大陆 / 剧情 动作 / 李达超 / 黄景瑜 王一博
35208466,我才不要和你做朋友呢,,https://dou.img.lithub.cc/movie/35208466.jpg,2024-06-08(中国大陆),https://movie.douban.com/subject/35208466/,6.3,喜剧,5,,,2024-06-28 11:17:28,2024 / 中国大陆 / 喜剧 / 何念 / 庄达菲 陈昊宇
34996127,疯狂的麦克斯：狂暴女神,,https://dou.img.lithub.cc/movie/34996127.jpg,2024-06-07(中国大陆),https://movie.douban.com/subject/34996127/,7.5,"动作,科幻,惊悚",5,,,2024-06-28 11:16:44,2024 / 澳大利亚 美国 / 动作 科幻 惊悚 冒险 / 乔治·米勒 / 安雅·泰勒-乔伊 克里斯·海姆斯沃斯
24284175,九龙城寨之围城,,https://dou.img.lithub.cc/movie/24284175.jpg,2024-05-01(中国大陆/中国香港),https://movie.douban.com/subject/24284175/,0,"动作,犯罪",5,,,2024-04-28 23:32:15,2024 / 中国香港 中国大陆 / 动作 犯罪 / 郑保瑞 / 古天乐 洪金宝
35575567,沙丘2,,https://dou.img.lithub.cc/movie/35575567.jpg,2024-03-08(中国大陆),https://movie.douban.com/subject/35575567/,8.2,"剧情,动作,科幻",3,,,2024-04-26 16:38:52,2024 / 美国 加拿大 / 剧情 动作 科幻 冒险 / 丹尼斯·维伦纽瓦 / 提莫西·查拉梅 赞达亚
36530235,还是觉得你最好2,,https://dou.img.lithub.cc/movie/36530235.jpg,2024-02-24(中国大陆),https://movie.douban.com/subject/36530235/,6.3,"喜剧,爱情",3,,,2024-04-26 16:38:08,2024 / 中国香港 中国大陆 / 喜剧 爱情 / 陈咏燊 / 邓丽欣 张继聪
35491115,临时劫案,,https://dou.img.lithub.cc/movie/35491115.jpg,2024-01-19(中国大陆),https://movie.douban.com/subject/35491115/,6.2,"喜剧,动作,犯罪",5,,,2024-04-26 16:37:27,2024 / 中国大陆 中国香港 / 喜剧 动作 犯罪 / 麦启光 / 郭富城 林家栋
35453251,哥斯拉大战金刚2：帝国崛起,,https://dou.img.lithub.cc/movie/35453251.jpg,2024-03-29(美国/中国大陆),https://movie.douban.com/subject/35453251/,6.8,"动作,科幻,冒险",5,,,2024-04-26 16:37:16,2024 / 美国 / 动作 科幻 冒险 / 亚当·温加德 / 丽贝卡·豪尔 布莱恩·泰里·亨利
36151692,周处除三害,,https://dou.img.lithub.cc/movie/36151692.jpg,2024-03-01(中国大陆),https://movie.douban.com/subject/36151692/,8.1,"动作,犯罪",5,,,2024-04-26 16:36:41,2023 / 中国台湾 / 动作 犯罪 / 黄精甫 / 阮经天 袁富华
36369452,飞驰人生2,,https://dou.img.lithub.cc/movie/36369452.jpg,2024-02-10(中国大陆),https://movie.douban.com/subject/36369452/,7.7,"剧情,喜剧,运动",5,,,2024-04-26 16:36:03,2024 / 中国大陆 / 剧情 喜剧 运动 / 韩寒 / 沈腾 范丞丞
36081094,热辣滚烫,,https://dou.img.lithub.cc/movie/36081094.jpg,2024-02-10(中国大陆),https://movie.douban.com/subject/36081094/,7.8,"剧情,喜剧",3,,,2024-04-26 16:35:51,2024 / 中国大陆 / 剧情 喜剧 / 贾玲 / 贾玲 雷佳音
26925611,你想活出怎样的人生,,https://dou.img.lithub.cc/movie/26925611.jpg,2024-04-03(中国大陆),https://movie.douban.com/subject/26925611/,7.7,"动画,奇幻,冒险",3,,,2024-04-26 16:35:32,2023 / 日本 / 动画 奇幻 冒险 / 宫崎骏 / 山时聪真 菅田将晖
35131346,隐入尘烟,,https://dou.img.lithub.cc/movie/35131346.jpg,2022-07-08(中国大陆),https://movie.douban.com/subject/35131346/,8.4,剧情,,,,2023-10-08 11:51:42,2022 / 中国大陆 / 剧情 / 李睿珺 / 武仁林 海清
25964071,夏洛特烦恼,,https://dou.img.lithub.cc/movie/25964071.jpg,2015-09-30(中国大陆),https://movie.douban.com/subject/25964071/,7.8,"喜剧,爱情",,,,2023-10-08 11:51:33,2015 / 中国大陆 / 喜剧 爱情 / 闫非 彭大魔 / 沈腾 马丽
26752088,我不是药神,,https://dou.img.lithub.cc/movie/26752088.jpg,2018-07-05(中国大陆),https://movie.douban.com/subject/26752088/,9,"剧情,喜剧",,,,2023-10-08 11:51:19,2018 / 中国大陆 / 剧情 喜剧 / 文牧野 / 徐峥 王传君
34882958,巨齿鲨2：深渊,,https://dou.img.lithub.cc/movie/34882958.jpg,2023-08-04(美国/中国大陆),https://movie.douban.com/subject/34882958/,5.1,"动作,科幻,冒险",4,,,2023-09-06 15:49:38,2023 / 美国 中国大陆 / 动作 科幻 冒险 / 本·维特利  / 杰森·斯坦森 吴京
35765480,八角笼中,,https://dou.img.lithub.cc/movie/35765480.jpg,2023-07-06(中国大陆),https://movie.douban.com/subject/35765480/,7.3,"剧情,动作",5,,,2023-09-06 15:48:46,2023 / 中国大陆 / 剧情 动作 / 王宝强 / 王宝强 陈永胜
4058939,芭比,,https://dou.img.lithub.cc/movie/4058939.jpg,2023-07-21(美国/中国大陆),https://movie.douban.com/subject/4058939/,8.1,"喜剧,奇幻,冒险",3,,,2023-09-06 15:46:02,2023 / 加拿大 美国 / 喜剧 奇幻 冒险 / 格蕾塔·葛韦格 / 玛格特·罗比 瑞恩·高斯林
3831020590,消失的她,,https://img1.doubanio.com/view/photo/m_ratio_poster/public/p2893270877.jpg,2023-06-22(中国大陆),https://movie.douban.com/subject/35660795/,6.8,"悬疑,犯罪",4,,,2023-06-26 08:27:45,2022 / 中国大陆 / 悬疑 犯罪 / 崔睿 刘翔 / 朱一龙 倪妮
3814498594,速度与激情9,,https://img9.doubanio.com/view/photo/m_ratio_poster/public/p2640611704.jpg,2021-05-21(中国大陆),https://movie.douban.com/subject/25728006/,5.1,"动作,犯罪",4,,,2023-06-09 16:40:59,2021 / 美国 / 动作 犯罪 / 林诣彬 / 范·迪塞尔 约翰·塞纳
3814498278,刀剑神域进击篇：暮色黄昏,,https://img2.doubanio.com/view/photo/m_ratio_poster/public/p2892365943.jpg,2023-05-26(中国大陆),https://movie.douban.com/subject/35652451/,6.5,"动作,动画",1,,,2023-06-09 16:40:36,2022 / 日本 / 动作 动画 / 河野亚矢子 / 松冈祯丞 户松遥
3793521913,速度与激情8,,https://img1.doubanio.com/view/photo/m_ratio_poster/public/p2444256500.jpg,2017-04-14(中国大陆),https://movie.douban.com/subject/26260853/,7.1,"动作,犯罪",,,,2023-05-19 22:53:23,2017 / 中国大陆 美国 日本 / 动作 犯罪 / F·加里·格雷 / 范·迪塞尔 杰森·斯坦森
3793521831,速度与激情7,,https://img1.doubanio.com/view/photo/m_ratio_poster/public/p2233706697.jpg,2015-04-12(中国大陆),https://movie.douban.com/subject/23761370/,8.4,"动作,犯罪",,,,2023-05-19 22:53:20,2015 / 美国 中国大陆 日本 / 动作 犯罪 / 温子仁 / 范·迪塞尔 保罗·沃克
3793521773,速度与激情6,,https://img9.doubanio.com/view/photo/m_ratio_poster/public/p2024579845.jpg,2013-07-26(中国大陆),https://movie.douban.com/subject/6537500/,7.9,"动作,犯罪",,,,2023-05-19 22:53:17,2013 / 美国 / 动作 犯罪 / 林诣彬 / 范·迪塞尔 保罗·沃克
3793521754,速度与激情5,,https://img2.doubanio.com/view/photo/m_ratio_poster/public/p898634801.jpg,2011-05-12(中国大陆),https://movie.douban.com/subject/4286017/,8.5,"动作,犯罪",,,,2023-05-19 22:53:16,2011 / 美国 / 动作 犯罪 / 林诣彬 / 范·迪塞尔 保罗·沃克
3793521729,速度与激情4,,https://img1.doubanio.com/view/photo/m_ratio_poster/public/p2230413708.jpg,2009-04-15(中国大陆),https://movie.douban.com/subject/2132930/,7.8,"动作,犯罪",,,,2023-05-19 22:53:15,2009 / 美国 / 动作 犯罪 / 林诣彬 / 范·迪塞尔 保罗·沃克
3793521706,速度与激情3：东京漂移,,https://img9.doubanio.com/view/photo/m_ratio_poster/public/p1035097366.jpg,2006-06-16(美国),https://movie.douban.com/subject/1652618/,7,"动作,犯罪",,,,2023-05-19 22:53:14,2006 / 美国 德国 日本 / 动作 犯罪 / 林诣彬 / 卢卡斯·布莱克 宝娃
3793521668,速度与激情2,,https://img9.doubanio.com/view/photo/m_ratio_poster/public/p2234440406.jpg,2003-06-03(美国),https://movie.douban.com/subject/1307442/,7.5,"动作,犯罪",,,,2023-05-19 22:53:12,2003 / 美国 德国 / 动作 犯罪 / 约翰·辛格顿 / 保罗·沃克 泰瑞斯·吉布森
3793521580,速度与激情,,https://img9.doubanio.com/view/photo/m_ratio_poster/public/p1033539605.jpg,2001-06-22(美国),https://movie.douban.com/subject/1304899/,7.9,"动作,犯罪",,,,2023-05-19 22:53:09,2001 / 美国 德国 / 动作 犯罪 / 罗伯·科恩 / 保罗·沃克 范·迪塞尔
3765712610,速度与激情10,,https://img9.doubanio.com/view/photo/m_ratio_poster/public/p2890967604.jpg,2023-05-17(中国大陆),https://movie.douban.com/subject/26631790/,6.6,"动作,悬疑,惊悚",4,,,2023-05-19 22:52:59,2023 / 美国 / 动作 悬疑 惊悚 犯罪 冒险 / 路易斯·莱特里尔 / 范·迪塞尔 米歇尔·罗德里格兹
3771226606,长空之王,,https://img1.doubanio.com/view/photo/m_ratio_poster/public/p2889598060.jpg,2023-04-28(中国大陆),https://movie.douban.com/subject/35209731/,6.7,"剧情,动作",3,,,2023-04-30 07:31:46,2023 / 中国大陆 / 剧情 动作 / 刘晓世 / 王一博 胡军
3769990849,人生路不熟,,https://img2.doubanio.com/view/photo/m_ratio_poster/public/p2889864501.jpg,2023-04-28(中国大陆),https://movie.douban.com/subject/35653205/,6.5,"剧情,喜剧",5,,,2023-04-28 23:19:24,2023 / 中国大陆 / 剧情 喜剧 / 易小星 / 乔杉 范丞丞
3765767071,泰坦尼克号,,https://img9.doubanio.com/view/photo/m_ratio_poster/public/p2889314814.jpg,1998-04-03(中国大陆),https://movie.douban.com/subject/1292722/,9.5,"剧情,爱情,灾难",5,,,2023-04-24 15:56:08,1997 / 美国 墨西哥 / 剧情 爱情 灾难 / 詹姆斯·卡梅隆 / 莱昂纳多·迪卡普里奥 凯特·温丝莱特
3761671493,灌篮高手,,https://img9.doubanio.com/view/photo/m_ratio_poster/public/p2888398295.jpg,2023-04-20(中国大陆),https://movie.douban.com/subject/35315950/,9,"动画,运动",2,,,2023-04-20 22:53:39,2022 / 日本 / 动画 运动 / 井上雄彦 / 仲村宗悟 笠间淳
3759545963,龙马精神,,https://img9.doubanio.com/view/photo/m_ratio_poster/public/p2890322824.jpg,2023-04-07(中国大陆),https://movie.douban.com/subject/35595615/,6,"剧情,喜剧,动作",,,,2023-04-18 20:26:45,2023 / 中国大陆 / 剧情 喜剧 动作 / 杨子 / 成龙 刘浩存
3741047330,铃芽之旅,,https://img2.doubanio.com/view/photo/m_ratio_poster/public/p2887641712.jpg,2023-03-24(中国大陆),https://movie.douban.com/subject/35371261/,7.3,"爱情,动画,奇幻",,,,2023-04-02 18:14:42,2022 / 日本 / 爱情 动画 奇幻 / 新海诚 / 原菜乃华 松村北斗
3717781320,老师·好,,https://img1.doubanio.com/view/photo/m_ratio_poster/public/p2551352209.jpg,2019-03-22(中国大陆),https://movie.douban.com/subject/27663742/,6.6,剧情,,,,2023-03-11 22:39:50,2019 / 中国大陆 / 剧情 / 张栾 / 于谦 汤梦佳
3717780790,银河补习班,,https://img9.doubanio.com/view/photo/m_ratio_poster/public/p2544499326.jpg,2019-07-18(中国大陆),https://movie.douban.com/subject/30282387/,6.2,剧情,,,,2023-03-11 22:39:28,2019 / 中国大陆 / 剧情 / 邓超 俞白眉 / 邓超 白宇
3717780524,八佰,,https://img1.doubanio.com/view/photo/m_ratio_poster/public/p2615925279.jpg,2020-08-21(中国大陆),https://movie.douban.com/subject/26754233/,7.5,"剧情,历史,战争",,,,2023-03-11 22:39:19,2020 / 中国大陆 / 剧情 历史 战争 / 管虎 / 王千源 张译
3717779863,扬名立万,,https://img1.doubanio.com/view/photo/m_ratio_poster/public/p2881817779.jpg,2021-11-11(中国大陆),https://movie.douban.com/subject/35422807/,7.4,"剧情,喜剧,悬疑",,,,2023-03-11 22:38:54,2021 / 中国大陆 / 剧情 喜剧 悬疑 / 刘循子墨 / 尹正 邓家佳
3717779385,狙击手,,https://img2.doubanio.com/view/photo/m_ratio_poster/public/p2738601191.jpg,2022-02-01(中国大陆),https://movie.douban.com/subject/35215390/,7.7,"剧情,历史,战争",,,,2023-03-11 22:38:36,2022 / 中国大陆 / 剧情 历史 战争 / 张艺谋 张末 / 陈永胜 章宇
3717779288,金刚川,,https://img1.doubanio.com/view/photo/m_ratio_poster/public/p2623301908.jpg,2020-10-23(中国大陆),https://movie.douban.com/subject/35155748/,6.5,"剧情,战争",,,,2023-03-11 22:38:32,2020 / 中国大陆 / 剧情 战争 / 管虎 郭帆 路阳 / 张译 吴京
3717779250,你好，李焕英,,https://img1.doubanio.com/view/photo/m_ratio_poster/public/p2629056068.jpg,2021-02-12(中国大陆),https://movie.douban.com/subject/34841067/,7.7,"剧情,喜剧,奇幻",,,,2023-03-11 22:38:30,2021 / 中国大陆 / 剧情 喜剧 奇幻 / 贾玲 / 贾玲 张小斐
3717778881,李茂扮太子,,https://img1.doubanio.com/view/photo/m_ratio_poster/public/p2812626447.jpg,2022-01-01(中国大陆),https://movie.douban.com/subject/35444998/,4.3,"喜剧,古装",,,,2023-03-11 22:38:16,2022 / 中国大陆 / 喜剧 古装 / 高可 / 马丽 常远
3717778567,人潮汹涌,,https://img9.doubanio.com/view/photo/m_ratio_poster/public/p2632862664.jpg,2021-02-12(中国大陆),https://movie.douban.com/subject/34880302/,6.5,"喜剧,犯罪",,,,2023-03-11 22:38:05,2021 / 中国大陆 中国香港 / 喜剧 犯罪 / 饶晓志 / 刘德华 肖央
3717778492,刺杀小说家,,https://img9.doubanio.com/view/photo/m_ratio_poster/public/p2628440875.jpg,2021-02-12(中国大陆),https://movie.douban.com/subject/26826330/,6.5,"动作,奇幻,冒险",,,,2023-03-11 22:38:01,2021 / 中国大陆 / 动作 奇幻 冒险 / 路阳 / 雷佳音 杨幂
3717778354,这个杀手不太冷静,,https://img1.doubanio.com/view/photo/m_ratio_poster/public/p2814949620.jpg,2022-02-01(中国大陆),https://movie.douban.com/subject/35505100/,6.2,喜剧,,,,2023-03-11 22:37:56,2022 / 中国大陆 / 喜剧 / 邢文雄 / 马丽 魏翔
3717778270,人生大事,,https://img1.doubanio.com/view/photo/m_ratio_poster/public/p2874262709.jpg,2022-06-24(中国大陆),https://movie.douban.com/subject/35460157/,7.3,"剧情,家庭",,,,2023-03-11 22:37:52,2022 / 中国大陆 中国香港 / 剧情 家庭 / 刘江江 / 朱一龙 杨恩又
3717778167,长津湖之水门桥,,https://img2.doubanio.com/view/photo/m_ratio_poster/public/p2846021991.jpg,2022-02-01(中国大陆),https://movie.douban.com/subject/35613853/,7.2,"剧情,历史,战争",,,,2023-03-11 22:37:48,2022 / 中国大陆 中国香港 / 剧情 历史 战争 / 徐克 / 吴京 易烊千玺
3717778133,奇迹·笨小孩,,https://img2.doubanio.com/view/photo/m_ratio_poster/public/p2842327103.jpg,2022-02-01(中国大陆),https://movie.douban.com/subject/35312437/,7.4,剧情,,,,2023-03-11 22:37:46,2022 / 中国大陆 / 剧情 / 文牧野 / 易烊千玺 田雨
3717777976,长津湖,,https://img9.doubanio.com/view/photo/m_ratio_poster/public/p2681329386.jpg,2021-09-30(中国大陆),https://movie.douban.com/subject/25845392/,7.4,"剧情,历史,战争",,,,2023-03-11 22:37:40,2021 / 中国大陆 中国香港 / 剧情 历史 战争 / 陈凯歌 徐克 林超贤 / 吴京 易烊千玺
3717777672,独行月球,,https://img1.doubanio.com/view/photo/m_ratio_poster/public/p2876409008.jpg,2022-07-29(中国大陆),https://movie.douban.com/subject/35183042/,6.6,"喜剧,科幻",,,,2023-03-11 22:37:28,2022 / 中国大陆 / 喜剧 科幻 / 张吃鱼 / 沈腾 马丽
3717777433,万里归途,,https://img2.doubanio.com/view/photo/m_ratio_poster/public/p2880793132.jpg,2022-09-30(中国大陆),https://movie.douban.com/subject/26654184/,7.2,"剧情,战争",,,,2023-03-11 22:37:18,2022 / 中国大陆 / 剧情 战争 / 饶晓志 / 张译 王俊凯
3717777026,冰海陷落,,https://img2.doubanio.com/view/photo/m_ratio_poster/public/p2540706012.jpg,2018-10-26(美国),https://movie.douban.com/subject/6538807/,6.7,"动作,战争",5,,,2023-03-11 22:37:02,2018 / 英国 中国大陆 美国 / 动作 战争 / 多诺万·玛什 / 杰拉德·巴特勒 托比·斯蒂芬斯
3686153784,流浪地球2,,https://img1.doubanio.com/view/photo/m_ratio_poster/public/p2885955777.jpg,2023-01-22(中国大陆),https://movie.douban.com/subject/35267208/,8.3,"科幻,冒险,灾难",5,,,2023-02-09 21:51:37,2023 / 中国大陆 / 科幻 冒险 灾难 / 郭帆 / 吴京 刘德华
3660046473,交换人生,,https://img1.doubanio.com/view/photo/m_ratio_poster/public/p2886396440.jpg,2023-01-22(中国大陆),https://movie.douban.com/subject/35513968/,5,"喜剧,家庭,奇幻",5,,,2023-01-23 22:47:36,2023 / 中国大陆 / 喜剧 家庭 奇幻 / 苏伦 / 雷佳音 张小斐
3660044281,无名,,https://img1.doubanio.com/view/photo/m_ratio_poster/public/p2886187418.jpg,2023-01-22(中国大陆),https://movie.douban.com/subject/35372742/,6.6,"剧情,悬疑,历史",2,,,2023-01-23 22:46:56,2023 / 中国大陆 / 剧情 悬疑 历史 / 程耳 / 梁朝伟 王一博
3660041752,满江红,,https://img2.doubanio.com/view/photo/m_ratio_poster/public/p2887555071.jpg,2023-01-22(中国大陆),https://movie.douban.com/subject/35766491/,7.1,"剧情,喜剧,悬疑",5,,,2023-01-23 22:46:10,2023 / 中国大陆 / 剧情 喜剧 悬疑 古装 / 张艺谋 / 沈腾 易烊千玺
3652169529,想见你,,https://img1.doubanio.com/view/photo/m_ratio_poster/public/p2885427348.jpg,2022-12-24(中国大陆),https://movie.douban.com/subject/35208467/,6.2,"爱情,悬疑,奇幻",,,,2023-01-18 16:08:36,2022 / 中国大陆 中国台湾 中国香港 / 爱情 悬疑 奇幻 / 黄天仁 / 柯佳嬿 许光汉
3652169410,绝望主夫,,https://img2.doubanio.com/view/photo/m_ratio_poster/public/p2885362303.jpg,2022-12-31(中国大陆),https://movie.douban.com/subject/35891542/,4.4,喜剧,,,,2023-01-18 16:08:28,2022 / 中国大陆 / 喜剧 / 张琦 / 常远 李嘉琦